Sample1,Sample2,Cozero,Isrep,PearsonR,Rsquared,NMI,Spearman
ENCLB324GIU,ENCLB404SKN,True,False,0.4896914290114078,0.23979769564723463,0.24105536924297985,0.4433995159485103
ENCLB324GIU,ENCLB404SKN,False,False,0.7102698077132894,0.5044831997490731,0.5479701305587118,0.7670559344084382
ENCLB584REF,ENCLB404SKN,True,False,0.5166027241459072,0.2668783745949723,0.19836563580988384,0.41305745631806945
ENCLB584REF,ENCLB404SKN,False,False,0.6633937827665828,0.440091311013356,0.4812825130380314,0.7170347564592879
ENCLB584REF,ENCLB324GIU,True,False,0.5761096055759368,0.3319022776368615,0.2363987473542564,0.455561588989098
ENCLB584REF,ENCLB324GIU,False,False,0.7183771880858576,0.5160657843621437,0.5413579284925795,0.7669057349406938
ENCLB758GEG,ENCLB404SKN,True,False,0.4852058479408164,0.23542471487596664,0.2269887596882802,0.42972836795346675
ENCLB758GEG,ENCLB404SKN,False,False,0.6812362808160126,0.4640828703000332,0.520245653825018,0.7483104991743402
ENCLB758GEG,ENCLB324GIU,True,False,0.5387967013596358,0.29030188539602453,0.2681156004416047,0.4798961181868745
ENCLB758GEG,ENCLB324GIU,False,False,0.7340731528205375,0.5388633936918843,0.5794764808117767,0.7986544508230224
ENCLB758GEG,ENCLB584REF,True,False,0.611012059934444,0.37333573738533254,0.27736328355380346,0.5007709310028775
ENCLB758GEG,ENCLB584REF,False,False,0.7391067203689122,0.5462787440944894,0.5522908718331491,0.7846881971057519
ENCLB605LCC,ENCLB404SKN,True,True,0.8815316961516578,0.7770981313200188,0.6926977665848806,0.8045730819632485
ENCLB605LCC,ENCLB404SKN,False,True,0.9320596843091306,0.8687352551144361,0.7989040845114779,0.9162043581232239
ENCLB605LCC,ENCLB324GIU,True,False,0.5033590972865425,0.25337038082112295,0.2516812894782405,0.45405165217282684
ENCLB605LCC,ENCLB324GIU,False,False,0.7128246434416284,0.5081189722976848,0.5456629417044075,0.7653673731655737
ENCLB605LCC,ENCLB584REF,True,False,0.5256977564702612,0.276358131157866,0.20425335410945022,0.41997421613552377
ENCLB605LCC,ENCLB584REF,False,False,0.666239707372995,0.443875347680454,0.47794248812440143,0.7144453333029416
ENCLB605LCC,ENCLB758GEG,True,False,0.4971542733698547,0.2471623715299082,0.23414693410261853,0.4372537624613649
ENCLB605LCC,ENCLB758GEG,False,False,0.6844827745678123,0.4685166686800505,0.5187840266017646,0.7463220513397247
ENCLB293SLX,ENCLB404SKN,True,False,0.4577149539548393,0.20950297907388066,0.21733258205747827,0.39048670306294875
ENCLB293SLX,ENCLB404SKN,False,False,0.716667015719273,0.5136116114199688,0.5477353567021745,0.7584078348663523
ENCLB293SLX,ENCLB324GIU,True,False,0.39897206071001656,0.15917870522719715,0.1729305954855656,0.3469154068160796
ENCLB293SLX,ENCLB324GIU,False,False,0.7073141735611436,0.5002933401204835,0.5567835657886571,0.7662550542760033
ENCLB293SLX,ENCLB584REF,True,False,0.38920466316312574,0.15148026982792218,0.1263456449979789,0.3018479837182592
ENCLB293SLX,ENCLB584REF,False,False,0.6112509235819057,0.3736276915797327,0.4877084339146529,0.7097199852566078
ENCLB293SLX,ENCLB758GEG,True,False,0.35962075890224376,0.12932709023342573,0.14220083708344777,0.3120398076662836
ENCLB293SLX,ENCLB758GEG,False,False,0.6504278684304101,0.4230564120309269,0.5229684177639817,0.742308796545879
ENCLB293SLX,ENCLB605LCC,True,False,0.4607942826372778,0.21233137091120344,0.21655234344598337,0.38835063297899286
ENCLB293SLX,ENCLB605LCC,False,False,0.7126717121627184,0.5079009693169405,0.5411632030768563,0.7520690657586874
ENCLB907YRF,ENCLB404SKN,True,False,0.4844766154116703,0.2347175908807475,0.19804574991267432,0.4076643198994614
ENCLB907YRF,ENCLB404SKN,False,False,0.6718299547815612,0.4513554881417945,0.4904377902298955,0.7216257231531156
ENCLB907YRF,ENCLB324GIU,True,False,0.5372233670199881,0.2886089460722928,0.23558786092468625,0.45523805013902274
ENCLB907YRF,ENCLB324GIU,False,False,0.7255845946233603,0.5264730039547462,0.5539772941478297,0.7751120783294145
ENCLB907YRF,ENCLB584REF,True,True,0.895793929800723,0.8024467646678227,0.6492556382797543,0.8148826212774767
ENCLB907YRF,ENCLB584REF,False,True,0.9283404055559156,0.8618159085877218,0.7735665459518803,0.9181234879361971
ENCLB907YRF,ENCLB758GEG,True,False,0.5762860537873039,0.33210561578974335,0.27396814847167905,0.4972218357479232
ENCLB907YRF,ENCLB758GEG,False,False,0.7393088548711376,0.5465775828908729,0.5627113043250247,0.790843713360212
ENCLB907YRF,ENCLB605LCC,True,False,0.4931511850363759,0.24319809130278186,0.20405025236474875,0.4153328917810207
ENCLB907YRF,ENCLB605LCC,False,False,0.6734721764279769,0.453564772422636,0.48894827181800826,0.720052468602545
ENCLB907YRF,ENCLB293SLX,True,False,0.37298126955708283,0.1391150274404133,0.12971843043642786,0.3027700906301296
ENCLB907YRF,ENCLB293SLX,False,False,0.6458818161489064,0.4171633204318097,0.5054191535050276,0.7205898903093122
ENCLB918NXF,ENCLB404SKN,True,False,0.487033832075247,0.23720195358589988,0.23154969659201702,0.43737934236798737
ENCLB918NXF,ENCLB404SKN,False,False,0.6828159708975432,0.4662376501127546,0.5215163847874159,0.7509256749100487
ENCLB918NXF,ENCLB324GIU,True,False,0.5633752185129307,0.3173916368344924,0.2788965953725676,0.4895389412139634
ENCLB918NXF,ENCLB324GIU,False,False,0.7481232921579072,0.5596884602691854,0.5833319745581079,0.8010434522143265
ENCLB918NXF,ENCLB584REF,True,False,0.6414582779468913,0.4114687223465912,0.2994342292766246,0.5261381160879489
ENCLB918NXF,ENCLB584REF,False,False,0.758311095199701,0.57503571710297,0.5635766751519137,0.7935640333999698
ENCLB918NXF,ENCLB758GEG,True,True,0.8789546104419601,0.7725612072171778,0.6503940899134514,0.798020190269717
ENCLB918NXF,ENCLB758GEG,False,True,0.9297550905207632,0.8644445283492727,0.7956513964229,0.9251927846444578
ENCLB918NXF,ENCLB605LCC,True,False,0.49856773657875597,0.2485697879572638,0.2394888869836158,0.4462482668002538
ENCLB918NXF,ENCLB605LCC,False,False,0.6858868269015131,0.47044073931702624,0.5207365386553802,0.7497461233281146
ENCLB918NXF,ENCLB293SLX,True,False,0.35716916871232474,0.1275698150786531,0.14154636748254099,0.3121053520128616
ENCLB918NXF,ENCLB293SLX,False,False,0.6504589489674849,0.42309684429188515,0.5230412934206616,0.7421110648101381
ENCLB918NXF,ENCLB907YRF,True,False,0.5984702929947257,0.3581666915971928,0.29199715843828855,0.5173491548110386
ENCLB918NXF,ENCLB907YRF,False,False,0.7523550358227183,0.5660380999278039,0.5706470449191109,0.7969988678742018
ENCLB817BKI,ENCLB404SKN,True,True,0.8643763619583928,0.7471464951124266,0.6641624690294745,0.7832090343865122
ENCLB817BKI,ENCLB404SKN,False,True,0.9246164952695102,0.8549156633244721,0.7870611881854044,0.9099964139190554
ENCLB817BKI,ENCLB324GIU,True,False,0.49477418174273025,0.24480149091918826,0.24128319367034104,0.44035947382435653
ENCLB817BKI,ENCLB324GIU,False,False,0.7183925631491381,0.5160878747879885,0.5481682204384941,0.766680452307004
ENCLB817BKI,ENCLB584REF,True,False,0.5246659439741849,0.2752743527663225,0.19684749045530997,0.4096584548729617
ENCLB817BKI,ENCLB584REF,False,False,0.668449744397908,0.4468250607856286,0.4813765665333081,0.7158829887764591
ENCLB817BKI,ENCLB758GEG,True,False,0.4963098026010993,0.24632342015794215,0.22849635245609307,0.42904502850174825
ENCLB817BKI,ENCLB758GEG,False,False,0.6910737729043177,0.4775829595962085,0.522407288180387,0.7489789066476563
ENCLB817BKI,ENCLB605LCC,True,True,0.8491030877912054,0.7209760536965594,0.6284326351263663,0.7629782848207032
ENCLB817BKI,ENCLB605LCC,False,True,0.9148320253233215,0.8369176345571704,0.7665695432008272,0.9003710511666431
ENCLB817BKI,ENCLB293SLX,True,False,0.44452265742461317,0.19760039296384,0.21017062791196853,0.3796523174966118
ENCLB817BKI,ENCLB293SLX,False,False,0.7193057512874296,0.5174007638351735,0.5461410447200645,0.756837243459745
ENCLB817BKI,ENCLB907YRF,True,False,0.4889643076513843,0.2390860941569976,0.19537329359717603,0.403363880086073
ENCLB817BKI,ENCLB907YRF,False,False,0.6772437044630116,0.458659035234783,0.4908355181206915,0.7206657525522118
ENCLB817BKI,ENCLB918NXF,True,False,0.4977375535929479,0.2477426722566927,0.23309536609896025,0.43645551291460233
ENCLB817BKI,ENCLB918NXF,False,False,0.6921838707239067,0.47911851089033003,0.5223019320922155,0.7508788622250543
ENCLB734LAL,ENCLB404SKN,True,False,0.47865480083109374,0.229110418358654,0.2340334706160183,0.4031850007726517
ENCLB734LAL,ENCLB404SKN,False,False,0.7285859701719586,0.5308375159314142,0.5541840434908104,0.7629395170503944
ENCLB734LAL,ENCLB324GIU,True,False,0.43327528681898364,0.18772747416807253,0.19200995398874635,0.3690767348211372
ENCLB734LAL,ENCLB324GIU,False,False,0.7293909774065243,0.5320111979220448,0.5735386276780691,0.7805006420658405
ENCLB734LAL,ENCLB584REF,True,False,0.4331987342733039,0.18766114337599257,0.14678367212697438,0.32770072741238476
ENCLB734LAL,ENCLB584REF,False,False,0.6415668123265874,0.41160797467889865,0.5108951493410038,0.7299824184423764
ENCLB734LAL,ENCLB758GEG,True,False,0.4004051185843173,0.1603242589885212,0.1654633801099989,0.3407924891771951
ENCLB734LAL,ENCLB758GEG,False,False,0.6779833318212738,0.4596613982274754,0.5439751090627295,0.7613783181354599
ENCLB734LAL,ENCLB605LCC,True,False,0.48255397606190126,0.23285833981314996,0.2350700058550991,0.40333548524996843
ENCLB734LAL,ENCLB605LCC,False,False,0.7256226704554685,0.5265282598789254,0.5502526115874202,0.7582100564993187
ENCLB734LAL,ENCLB293SLX,True,True,0.7548803929925125,0.5698444077245302,0.5558669810273493,0.684452960167155
ENCLB734LAL,ENCLB293SLX,False,True,0.9018154602959396,0.8132711244287775,0.7621015375162401,0.898252078710298
ENCLB734LAL,ENCLB907YRF,True,False,0.4102842271037497,0.16833314701012125,0.14884708943420302,0.3277214305817939
ENCLB734LAL,ENCLB907YRF,False,False,0.6722178019340664,0.45187677323706776,0.5264600272779835,0.7397507010870182
ENCLB734LAL,ENCLB918NXF,True,False,0.40073383093007153,0.16058760325189114,0.1650767968027465,0.34119979970863884
ENCLB734LAL,ENCLB918NXF,False,False,0.6793478147751443,0.46151345343976374,0.5443825080070878,0.7611869121873487
ENCLB734LAL,ENCLB817BKI,True,False,0.47417948932655385,0.2248461880979914,0.23236193169250363,0.3989964850026382
ENCLB734LAL,ENCLB817BKI,False,False,0.7351962856022521,0.5405135783633483,0.5556977835287545,0.7638285264724852
ENCLB432QLN,ENCLB404SKN,True,False,0.5459673527011017,0.2980803502154492,0.28244806904553116,0.4804478642939957
ENCLB432QLN,ENCLB404SKN,False,False,0.7509144127696759,0.5638724553052271,0.5666326055646407,0.780100565305004
ENCLB432QLN,ENCLB324GIU,True,False,0.5593684445773739,0.3128930567889106,0.29189867285535953,0.4962325067426656
ENCLB432QLN,ENCLB324GIU,False,False,0.7738713517645667,0.5988768690819177,0.5987867586387204,0.8069409193907213
ENCLB432QLN,ENCLB584REF,True,False,0.6306597325326215,0.3977316982381177,0.2739068180459381,0.4871006116732036
ENCLB432QLN,ENCLB584REF,False,False,0.7463892857374095,0.5570969658636002,0.5538133368030032,0.773192183206387
ENCLB432QLN,ENCLB758GEG,True,False,0.5685768448015822,0.3232796284445225,0.28827646962705034,0.49193350346394676
ENCLB432QLN,ENCLB758GEG,False,False,0.7507770336650816,0.5636661542789392,0.5755802654185964,0.7943046491399803
ENCLB432QLN,ENCLB605LCC,True,False,0.5544191060326399,0.30738054513403157,0.29020007361776284,0.48757315068033064
ENCLB432QLN,ENCLB605LCC,False,False,0.7508450452552651,0.5637682819843811,0.5640577033131523,0.7778577069775932
ENCLB432QLN,ENCLB293SLX,True,False,0.4211862513685686,0.17739785834190702,0.19607460321185363,0.37094731100029005
ENCLB432QLN,ENCLB293SLX,False,False,0.7331384410714161,0.5374919737766263,0.5634947855042806,0.7709690457105207
ENCLB432QLN,ENCLB907YRF,True,False,0.5800631658792035,0.33647327640980434,0.2671794233505492,0.4836157687766432
ENCLB432QLN,ENCLB907YRF,False,False,0.7493105776367518,0.5614663417583227,0.5607764800314751,0.7790830616459363
ENCLB432QLN,ENCLB918NXF,True,False,0.5945139853942335,0.3534468788293349,0.3033973508551041,0.5052206163409403
ENCLB432QLN,ENCLB918NXF,False,False,0.7654444677262258,0.5859052331726851,0.5818635838154401,0.7983690969503057
ENCLB432QLN,ENCLB817BKI,True,False,0.548126197447054,0.30044232832776685,0.28206303400481236,0.4769738136239849
ENCLB432QLN,ENCLB817BKI,False,False,0.7587670391980623,0.5757274197733938,0.5690967277176161,0.7807632983442572
ENCLB432QLN,ENCLB734LAL,True,False,0.4581159187915257,0.20987019505020377,0.22077957768066936,0.39489437544588557
ENCLB432QLN,ENCLB734LAL,False,False,0.7545975418728099,0.5694174502004871,0.5805772607477643,0.7843025399264006
ENCLB621FEI,ENCLB404SKN,True,False,0.4552664235053909,0.20726751637138996,0.23466586214560314,0.41482817839432046
ENCLB621FEI,ENCLB404SKN,False,False,0.7196855081805282,0.5179472306850652,0.5535438641572898,0.7627129569760448
ENCLB621FEI,ENCLB324GIU,True,False,0.5067153158166076,0.2567604112831243,0.2564158900912586,0.4470510203614573
ENCLB621FEI,ENCLB324GIU,False,False,0.7675088471217726,0.5890698304101925,0.6012380542435041,0.8037013886667633
ENCLB621FEI,ENCLB584REF,True,False,0.5362572848818747,0.28757187558888014,0.20449493629092977,0.40002044781598006
ENCLB621FEI,ENCLB584REF,False,False,0.700336594390479,0.4904713454424543,0.5454618865380574,0.7593912284557464
ENCLB621FEI,ENCLB758GEG,True,False,0.5281042948850981,0.27889414627608666,0.25336768086422506,0.4420185905867193
ENCLB621FEI,ENCLB758GEG,False,False,0.7443867550548837,0.5541116411011394,0.5816008735338052,0.7936591682572004
ENCLB621FEI,ENCLB605LCC,True,False,0.46341703086490027,0.21475534449563993,0.2426302008738951,0.4228426042668023
ENCLB621FEI,ENCLB605LCC,False,False,0.7177333430177195,0.5151411516793915,0.5507374340838995,0.7599244864454626
ENCLB621FEI,ENCLB293SLX,True,False,0.3641477322844986,0.13260357092794287,0.1750371216871817,0.3390741732815624
ENCLB621FEI,ENCLB293SLX,False,False,0.7373595588837518,0.5436991190772411,0.5705294572862925,0.7740330017713564
ENCLB621FEI,ENCLB907YRF,True,False,0.5050728954757175,0.2550986297442251,0.2056993971227474,0.4028035927371737
ENCLB621FEI,ENCLB907YRF,False,False,0.7252822587831441,0.5260343549055796,0.5610640596856379,0.7699090362078891
ENCLB621FEI,ENCLB918NXF,True,False,0.5349559381327922,0.28617785574353577,0.256762881147741,0.44403358172163493
ENCLB621FEI,ENCLB918NXF,False,False,0.7480826333075815,0.5596276262564055,0.5804503032602766,0.7923286969496344
ENCLB621FEI,ENCLB817BKI,True,False,0.4614870501532351,0.21297029745913454,0.23685967202839014,0.4150404344321147
ENCLB621FEI,ENCLB817BKI,False,False,0.7322490013749057,0.5361886000145466,0.5583056233997988,0.7654077648861257
ENCLB621FEI,ENCLB734LAL,True,False,0.4023579433196557,0.16189191455242327,0.19931860984228983,0.368237891741336
ENCLB621FEI,ENCLB734LAL,False,False,0.7600037227644706,0.5776056586158542,0.590186566161034,0.7912323052012756
ENCLB621FEI,ENCLB432QLN,True,False,0.525604560600984,0.2762601541245535,0.27561034126559536,0.45771198263797713
ENCLB621FEI,ENCLB432QLN,False,False,0.7879559955938809,0.620874650992344,0.6026645302859487,0.8018449187095156
ENCLB074EQT,ENCLB404SKN,True,False,0.4365893060097844,0.19061022212210518,0.21120407681837938,0.3948767544912532
ENCLB074EQT,ENCLB404SKN,False,False,0.7034192175251226,0.49479859558365574,0.5497571299285533,0.7619151400239024
ENCLB074EQT,ENCLB324GIU,True,True,0.8056505693938776,0.6490728399646791,0.5640107679511952,0.706077398361898
ENCLB074EQT,ENCLB324GIU,False,True,0.9031743414427764,0.8157238910405928,0.7591392904122767,0.8966184950457388
ENCLB074EQT,ENCLB584REF,True,False,0.5001623575903491,0.25016238395033624,0.1834578526251337,0.3828617149322924
ENCLB074EQT,ENCLB584REF,False,False,0.672168771359018,0.4518108571902918,0.5168084885861383,0.7406323717288832
ENCLB074EQT,ENCLB758GEG,True,False,0.4685136561820763,0.2195050460290968,0.21438146329505797,0.40951149989348967
ENCLB074EQT,ENCLB758GEG,False,False,0.7048349648799377,0.496792327717303,0.560494448908858,0.7784148009205616
ENCLB074EQT,ENCLB605LCC,True,False,0.4488196984669818,0.20143912173199244,0.22024915495657885,0.4034700412398372
ENCLB074EQT,ENCLB605LCC,False,False,0.7032978952111495,0.49462792940843303,0.5453954687049873,0.7584011319266009
ENCLB074EQT,ENCLB293SLX,True,False,0.3734626075943287,0.13947431927115553,0.1728908538114382,0.3386890307324425
ENCLB074EQT,ENCLB293SLX,False,False,0.7291147098306354,0.5316082600914117,0.5748870573126825,0.7788009459256643
ENCLB074EQT,ENCLB907YRF,True,False,0.47022516624260435,0.2211117069678849,0.1861169300189033,0.3857337599431697
ENCLB074EQT,ENCLB907YRF,False,False,0.6948628888547933,0.48283443430762885,0.5342025936587811,0.7519517427780292
ENCLB074EQT,ENCLB918NXF,True,False,0.4829157288007201,0.23320760112313063,0.2179421643500542,0.4118492886266875
ENCLB074EQT,ENCLB918NXF,False,False,0.7128481999472188,0.50815255616799,0.5606917841601007,0.7781667638813217
ENCLB074EQT,ENCLB817BKI,True,False,0.4384258832532825,0.1922172551064209,0.21133557210347811,0.39175136835985447
ENCLB074EQT,ENCLB817BKI,False,False,0.7128027873675045,0.5080878136788838,0.5506280192807209,0.7625223259779476
ENCLB074EQT,ENCLB734LAL,True,False,0.39676385719655893,0.15742155837749142,0.18363637630446153,0.35090392938554904
ENCLB074EQT,ENCLB734LAL,False,False,0.7431145967236709,0.5522193038637839,0.5830839246357067,0.7865718918006069
ENCLB074EQT,ENCLB432QLN,True,False,0.4839241743012227,0.23418260647312017,0.24047111903122004,0.42866111335954243
ENCLB074EQT,ENCLB432QLN,False,False,0.7585724380348362,0.5754321437461154,0.5868515389681792,0.7924743199020412
ENCLB074EQT,ENCLB621FEI,True,False,0.44749729234610375,0.20025382665709424,0.2255317460684588,0.4041993630611717
ENCLB074EQT,ENCLB621FEI,False,False,0.767458311436282,0.5889922597926291,0.5961012859122766,0.797268806172862
ENCLB984XHJ,ENCLB404SKN,True,False,0.5041806640960629,0.254198142048347,0.24888255085424815,0.4279784242088399
ENCLB984XHJ,ENCLB404SKN,False,False,0.7352630676980436,0.5406117787207378,0.5560964492261123,0.7675088903293213
ENCLB984XHJ,ENCLB324GIU,True,False,0.4536186582227272,0.20576988708778737,0.20725539676300786,0.39422735048523055
ENCLB984XHJ,ENCLB324GIU,False,False,0.7317140092656418,0.5354053913555997,0.5754992643572996,0.7838809791187845
ENCLB984XHJ,ENCLB584REF,True,False,0.4519954962606181,0.20429992863988242,0.15993377611886148,0.34963359881219935
ENCLB984XHJ,ENCLB584REF,False,False,0.6490018787998867,0.4212034386857828,0.5112648050928609,0.7323131903176862
ENCLB984XHJ,ENCLB758GEG,True,False,0.4210837443183299,0.17731151972914463,0.180244078839887,0.3654682120235292
ENCLB984XHJ,ENCLB758GEG,False,False,0.6826841604016453,0.4660576628632993,0.5464359250323741,0.7647409235535344
ENCLB984XHJ,ENCLB605LCC,True,False,0.5092150284862278,0.2592999452362298,0.2512483277061289,0.4294334171003807
ENCLB984XHJ,ENCLB605LCC,False,False,0.7331000553932159,0.5374356912175362,0.5520457995827589,0.7631161404733385
ENCLB984XHJ,ENCLB293SLX,True,True,0.7660729126701138,0.5868677075268718,0.5561043347585873,0.6896249765726166
ENCLB984XHJ,ENCLB293SLX,False,True,0.901031975045739,0.8118586200548251,0.75816193276243,0.8963453165225843
ENCLB984XHJ,ENCLB907YRF,True,False,0.4274315139714778,0.1826976991359496,0.1613522555375358,0.3490770167215082
ENCLB984XHJ,ENCLB907YRF,False,False,0.6754625125264391,0.45624960582852986,0.5258851678010988,0.7414269477486229
ENCLB984XHJ,ENCLB918NXF,True,False,0.4198585098870881,0.17628116832460608,0.17921850289702326,0.36520177124439346
ENCLB984XHJ,ENCLB918NXF,False,False,0.682731487006343,0.4661222833498923,0.5450432349388155,0.7636733980300793
ENCLB984XHJ,ENCLB817BKI,True,False,0.497692840583573,0.2476981635681458,0.2457976484217093,0.42155934271413903
ENCLB984XHJ,ENCLB817BKI,False,False,0.739234305385163,0.5464673582582844,0.5552140998129987,0.7665262422116382
ENCLB984XHJ,ENCLB734LAL,True,True,0.8106355134847705,0.6571299357227175,0.6383753903820442,0.7377251877270002
ENCLB984XHJ,ENCLB734LAL,False,True,0.9224306878346377,0.8508783738590827,0.7994414114998795,0.9150187176170957
ENCLB984XHJ,ENCLB432QLN,True,False,0.48383570734452985,0.23409699170158155,0.23952699010810935,0.42332370392124075
ENCLB984XHJ,ENCLB432QLN,False,False,0.7584053420761594,0.5751786628896564,0.5844823417711184,0.7893413902293491
ENCLB984XHJ,ENCLB621FEI,True,False,0.4197466422835121,0.17618724370828268,0.21151783240935101,0.3877751127419569
ENCLB984XHJ,ENCLB621FEI,False,False,0.7561759416214436,0.5718020546870769,0.5893103014662844,0.7915915196543685
ENCLB984XHJ,ENCLB074EQT,True,False,0.4141781910029109,0.17154357390244376,0.1931551512966059,0.3678751530426326
ENCLB984XHJ,ENCLB074EQT,False,False,0.7406387618528524,0.5485457755589261,0.5818750760140361,0.786407293222235
ENCLB937FOM,ENCLB404SKN,True,False,0.5718269211468063,0.3269860277482359,0.2944445810464469,0.501743953422311
ENCLB937FOM,ENCLB404SKN,False,False,0.7571422334429092,0.5732643616629168,0.569294989515798,0.7831853695255102
ENCLB937FOM,ENCLB324GIU,True,False,0.5786557265929934,0.3348424499188651,0.29724401700335923,0.5066676024972615
ENCLB937FOM,ENCLB324GIU,False,False,0.776561804642522,0.6030482364296506,0.5975079358422871,0.8062245668053631
ENCLB937FOM,ENCLB584REF,True,False,0.6539169877569546,0.42760742687712916,0.2960513337566948,0.5196425452369198
ENCLB937FOM,ENCLB584REF,False,False,0.7642703271700757,0.5841091329926545,0.5665890106700388,0.7866138970035981
ENCLB937FOM,ENCLB758GEG,True,False,0.5902445365025355,0.34838861287109296,0.30170575317478804,0.5107984482087413
ENCLB937FOM,ENCLB758GEG,False,False,0.7605096796031363,0.578374972770065,0.5809433493588296,0.7993007080180147
ENCLB937FOM,ENCLB605LCC,True,False,0.5816274693905408,0.3382905131496444,0.30324582527637733,0.5102296117572023
ENCLB937FOM,ENCLB605LCC,False,False,0.7585484266359515,0.5753957155518774,0.5675969359231561,0.7818455101966154
ENCLB937FOM,ENCLB293SLX,True,False,0.43979681461803655,0.1934212381481716,0.1979650920263957,0.37773034713445597
ENCLB937FOM,ENCLB293SLX,False,False,0.7263928765846245,0.5276466111528855,0.5576837448283525,0.7654777454615775
ENCLB937FOM,ENCLB907YRF,True,False,0.6039388119489427,0.3647420885783004,0.28726327533397794,0.5112452781053279
ENCLB937FOM,ENCLB907YRF,False,False,0.7623246066660082,0.5811388059284841,0.5715598667643506,0.7896690359626681
ENCLB937FOM,ENCLB918NXF,True,False,0.6183654822522088,0.3823758696410067,0.32005186740835934,0.5289356871996787
ENCLB937FOM,ENCLB918NXF,False,False,0.7770066805578708,0.603739381631561,0.5900224217099309,0.8057597485536316
ENCLB937FOM,ENCLB817BKI,True,False,0.575108291189701,0.3307495465951379,0.29278048473006024,0.49662153202284864
ENCLB937FOM,ENCLB817BKI,False,False,0.7638228810696717,0.5834253936455738,0.5703674997694106,0.782377416389901
ENCLB937FOM,ENCLB734LAL,True,False,0.47786405070406174,0.2283540509552941,0.22246044252878822,0.39994493747991755
ENCLB937FOM,ENCLB734LAL,False,False,0.7496850599282003,0.5620276890795494,0.576284977902895,0.7794234855613895
ENCLB937FOM,ENCLB432QLN,True,True,0.8350985742053414,0.697389628639794,0.6434064375947997,0.7707100747380694
ENCLB937FOM,ENCLB432QLN,False,True,0.9169772904568634,0.8408473512136108,0.7833651661605869,0.9095826221348924
ENCLB937FOM,ENCLB621FEI,True,False,0.5485570119821024,0.3009147953947324,0.2793583519035726,0.46502749478451355
ENCLB937FOM,ENCLB621FEI,False,False,0.7875326018660221,0.6202075990018665,0.6057191692030701,0.8018131493361541
ENCLB937FOM,ENCLB074EQT,True,False,0.4999776308643643,0.24997763136474255,0.23948983155097042,0.43210354014128033
ENCLB937FOM,ENCLB074EQT,False,False,0.7528003013535521,0.5667082937179989,0.5794304243751449,0.7862225334712142
ENCLB937FOM,ENCLB984XHJ,True,False,0.5014219878121549,0.25142400986149277,0.24033797302225804,0.42716927344186983
ENCLB937FOM,ENCLB984XHJ,False,False,0.7537051704725948,0.5680714839971232,0.5779971353807654,0.7835292039743251
ENCLB715JYV,ENCLB404SKN,True,False,0.44822587661908203,0.20090643647094455,0.2299889787221982,0.4024400360726779
ENCLB715JYV,ENCLB404SKN,False,False,0.7198063724781767,0.5181212138601916,0.5551439136199747,0.7617795927073341
ENCLB715JYV,ENCLB324GIU,True,False,0.4846387478527716,0.23487471592030235,0.23950831931472857,0.4233937077098525
ENCLB715JYV,ENCLB324GIU,False,False,0.7599695767092552,0.5775537575236446,0.595541161722752,0.7984005491375926
ENCLB715JYV,ENCLB584REF,True,False,0.5133324794152554,0.2635102344226136,0.18827155978289206,0.3772192382006393
ENCLB715JYV,ENCLB584REF,False,False,0.6878427907158509,0.4731277047397698,0.5392973160815944,0.7532617763350743
ENCLB715JYV,ENCLB758GEG,True,False,0.5169947296786253,0.2672835505154748,0.23985707434916148,0.422618244601664
ENCLB715JYV,ENCLB758GEG,False,False,0.7407183085273563,0.5486636125876279,0.5807030780805302,0.7910120990831346
ENCLB715JYV,ENCLB605LCC,True,False,0.4537127632844886,0.2058552715672464,0.2348594112540235,0.40648169605748685
ENCLB715JYV,ENCLB605LCC,False,False,0.7160650921614944,0.5127492162122494,0.5501027894464771,0.7569621274633026
ENCLB715JYV,ENCLB293SLX,True,False,0.3627558777639708,0.1315918268523089,0.17718139695095628,0.3380257777185341
ENCLB715JYV,ENCLB293SLX,False,False,0.7430753957200374,0.5521610437244903,0.5768588250473649,0.7787229100132115
ENCLB715JYV,ENCLB907YRF,True,False,0.4886161389204825,0.23874573121356024,0.19233831877629254,0.38257667549448915
ENCLB715JYV,ENCLB907YRF,False,False,0.7185504922307853,0.5163148098851038,0.558875034012684,0.766004355079279
ENCLB715JYV,ENCLB918NXF,True,False,0.5179873526750182,0.26831089753127363,0.24110756565179445,0.4227698454925219
ENCLB715JYV,ENCLB918NXF,False,False,0.7414638246583815,0.549768603277035,0.577810264988648,0.7886643677391122
ENCLB715JYV,ENCLB817BKI,True,False,0.4544156446726713,0.20649357812327948,0.23283360700965725,0.4031659815861945
ENCLB715JYV,ENCLB817BKI,False,False,0.732533041610475,0.536604657051094,0.559507585499212,0.7644855829523838
ENCLB715JYV,ENCLB734LAL,True,False,0.4026164641715484,0.1621000172219997,0.20175596396041182,0.368009461027276
ENCLB715JYV,ENCLB734LAL,False,False,0.766498061063281,0.5875192776137692,0.5978071752052968,0.7966020065063182
ENCLB715JYV,ENCLB432QLN,True,False,0.5069888323540336,0.25703767613170636,0.2602430925505528,0.4364490621900059
ENCLB715JYV,ENCLB432QLN,False,False,0.7839941680227258,0.6146468554936461,0.6011064714804063,0.798817921023539
ENCLB715JYV,ENCLB621FEI,True,True,0.7863606587676352,0.6183630856574691,0.6404754501518434,0.7481127366963459
ENCLB715JYV,ENCLB621FEI,False,True,0.9225013367440137,0.8510087162944922,0.8047571386545517,0.9194559449942049
ENCLB715JYV,ENCLB074EQT,True,False,0.43117689557882743,0.18591351528099506,0.21600950131522578,0.3894221451281352
ENCLB715JYV,ENCLB074EQT,False,False,0.7653719530362788,0.5857942264945678,0.5956186207820008,0.7964663610229092
ENCLB715JYV,ENCLB984XHJ,True,False,0.4164872082784832,0.17346159465960462,0.21111015534558888,0.38278139939967665
ENCLB715JYV,ENCLB984XHJ,False,False,0.7595646192371179,0.576938410796828,0.5926500758161798,0.7937978562854593
ENCLB715JYV,ENCLB937FOM,True,False,0.52710826057324,0.27784311836454667,0.2607703991682407,0.43979997352288597
ENCLB715JYV,ENCLB937FOM,False,False,0.7805663288812145,0.6092837937830963,0.6008744195882078,0.7962397316636879
